{
  "POST Create Product - Seller" : {
    "transaction" : "POST Create Product - Seller",
    "sampleCount" : 50,
    "errorCount" : 0,
    "errorPct" : 0.0,
    "meanResTime" : 3687.58,
    "medianResTime" : 2368.0,
    "minResTime" : 505.0,
    "maxResTime" : 18452.0,
    "pct1ResTime" : 12724.9,
    "pct2ResTime" : 13415.45,
    "pct3ResTime" : 18452.0,
    "throughput" : 0.4649908396804583,
    "receivedKBytesPerSec" : 0.3060584237740517,
    "sentKBytesPerSec" : 3.290591230040268
  },
  "GET Created Order by ID - Buyer" : {
    "transaction" : "GET Created Order by ID - Buyer",
    "sampleCount" : 50,
    "errorCount" : 0,
    "errorPct" : 0.0,
    "meanResTime" : 1040.86,
    "medianResTime" : 744.5,
    "minResTime" : 73.0,
    "maxResTime" : 2796.0,
    "pct1ResTime" : 2154.9,
    "pct2ResTime" : 2790.0,
    "pct3ResTime" : 2796.0,
    "throughput" : 0.42869881336168464,
    "receivedKBytesPerSec" : 0.4931710958399067,
    "sentKBytesPerSec" : 0.14527196116846147
  },
  "PUT Update Product - Seller" : {
    "transaction" : "PUT Update Product - Seller",
    "sampleCount" : 50,
    "errorCount" : 0,
    "errorPct" : 0.0,
    "meanResTime" : 2783.2,
    "medianResTime" : 2007.5,
    "minResTime" : 824.0,
    "maxResTime" : 17483.0,
    "pct1ResTime" : 4152.599999999999,
    "pct2ResTime" : 12992.449999999997,
    "pct3ResTime" : 17483.0,
    "throughput" : 0.4469153899783693,
    "receivedKBytesPerSec" : 0.2919789022417276,
    "sentKBytesPerSec" : 3.163689604971487
  },
  "GET List Specific Product - Buyer" : {
    "transaction" : "GET List Specific Product - Buyer",
    "sampleCount" : 50,
    "errorCount" : 0,
    "errorPct" : 0.0,
    "meanResTime" : 951.2600000000002,
    "medianResTime" : 857.0,
    "minResTime" : 39.0,
    "maxResTime" : 4051.0,
    "pct1ResTime" : 2111.7999999999997,
    "pct2ResTime" : 2632.2999999999965,
    "pct3ResTime" : 4051.0,
    "throughput" : 0.4263628689104723,
    "receivedKBytesPerSec" : 0.3601600406323814,
    "sentKBytesPerSec" : 0.1457294962096341
  },
  "GET List Product - Seller" : {
    "transaction" : "GET List Product - Seller",
    "sampleCount" : 50,
    "errorCount" : 0,
    "errorPct" : 0.0,
    "meanResTime" : 2936.8399999999997,
    "medianResTime" : 2184.0,
    "minResTime" : 657.0,
    "maxResTime" : 9823.0,
    "pct1ResTime" : 6782.499999999996,
    "pct2ResTime" : 9420.549999999997,
    "pct3ResTime" : 9823.0,
    "throughput" : 0.4505153896057089,
    "receivedKBytesPerSec" : 0.314568851140705,
    "sentKBytesPerSec" : 0.15134501369566786
  },
  "GET Categories" : {
    "transaction" : "GET Categories",
    "sampleCount" : 50,
    "errorCount" : 0,
    "errorPct" : 0.0,
    "meanResTime" : 340.7399999999999,
    "medianResTime" : 155.0,
    "minResTime" : 22.0,
    "maxResTime" : 1330.0,
    "pct1ResTime" : 1110.5,
    "pct2ResTime" : 1184.8999999999994,
    "pct3ResTime" : 1330.0,
    "throughput" : 0.5554136165202226,
    "receivedKBytesPerSec" : 1.6092892580229499,
    "sentKBytesPerSec" : 0.10088567643824356
  },
  "GET Created Order - Buyer" : {
    "transaction" : "GET Created Order - Buyer",
    "sampleCount" : 50,
    "errorCount" : 0,
    "errorPct" : 0.0,
    "meanResTime" : 990.74,
    "medianResTime" : 937.5,
    "minResTime" : 358.0,
    "maxResTime" : 3593.0,
    "pct1ResTime" : 1866.3999999999996,
    "pct2ResTime" : 2043.0999999999992,
    "pct3ResTime" : 3593.0,
    "throughput" : 0.4263919565421318,
    "receivedKBytesPerSec" : 0.49135010617159713,
    "sentKBytesPerSec" : 0.14199185271569037
  },
  "POST Sign In Users - Seller" : {
    "transaction" : "POST Sign In Users - Seller",
    "sampleCount" : 50,
    "errorCount" : 0,
    "errorPct" : 0.0,
    "meanResTime" : 765.88,
    "medianResTime" : 749.5,
    "minResTime" : 247.0,
    "maxResTime" : 1963.0,
    "pct1ResTime" : 1123.2,
    "pct2ResTime" : 1371.0999999999979,
    "pct3ResTime" : 1963.0,
    "throughput" : 0.5534218070328843,
    "receivedKBytesPerSec" : 0.26374007991410897,
    "sentKBytesPerSec" : 0.14538131454281825
  },
  "GET Specific Categories" : {
    "transaction" : "GET Specific Categories",
    "sampleCount" : 50,
    "errorCount" : 0,
    "errorPct" : 0.0,
    "meanResTime" : 363.42,
    "medianResTime" : 164.0,
    "minResTime" : 30.0,
    "maxResTime" : 1955.0,
    "pct1ResTime" : 1294.5999999999995,
    "pct2ResTime" : 1370.6499999999999,
    "pct3ResTime" : 1955.0,
    "throughput" : 0.5553149190906164,
    "receivedKBytesPerSec" : 0.2028200974022368,
    "sentKBytesPerSec" : 0.10195234842679284
  },
  "PUT Update Order - Buyer" : {
    "transaction" : "PUT Update Order - Buyer",
    "sampleCount" : 50,
    "errorCount" : 0,
    "errorPct" : 0.0,
    "meanResTime" : 1503.9800000000002,
    "medianResTime" : 834.0,
    "minResTime" : 219.0,
    "maxResTime" : 11598.0,
    "pct1ResTime" : 2047.8,
    "pct2ResTime" : 8990.0,
    "pct3ResTime" : 11598.0,
    "throughput" : 0.43160375322623806,
    "receivedKBytesPerSec" : 0.27944657069237877,
    "sentKBytesPerSec" : 0.16522331178191926
  },
  "GET List Product - Buyer" : {
    "transaction" : "GET List Product - Buyer",
    "sampleCount" : 50,
    "errorCount" : 0,
    "errorPct" : 0.0,
    "meanResTime" : 2946.38,
    "medianResTime" : 2086.0,
    "minResTime" : 835.0,
    "maxResTime" : 8965.0,
    "pct1ResTime" : 7569.499999999999,
    "pct2ResTime" : 8881.05,
    "pct3ResTime" : 8965.0,
    "throughput" : 0.42188040534269344,
    "receivedKBytesPerSec" : 1.9388370972096831,
    "sentKBytesPerSec" : 0.1639730481703047
  },
  "Total" : {
    "transaction" : "Total",
    "sampleCount" : 900,
    "errorCount" : 0,
    "errorPct" : 0.0,
    "meanResTime" : 1498.4877777777767,
    "medianResTime" : 1009.5,
    "minResTime" : 22.0,
    "maxResTime" : 19432.0,
    "pct1ResTime" : 3068.5,
    "pct2ResTime" : 3899.0,
    "pct3ResTime" : 12695.990000000002,
    "throughput" : 6.568623873298543,
    "receivedKBytesPerSec" : 6.578245880925447,
    "sentKBytesPerSec" : 8.02518913303288
  },
  "POST Sign In Users - Buyer" : {
    "transaction" : "POST Sign In Users - Buyer",
    "sampleCount" : 50,
    "errorCount" : 0,
    "errorPct" : 0.0,
    "meanResTime" : 873.1999999999999,
    "medianResTime" : 826.5,
    "minResTime" : 172.0,
    "maxResTime" : 3341.0,
    "pct1ResTime" : 1309.1999999999998,
    "pct2ResTime" : 2694.049999999997,
    "pct3ResTime" : 3341.0,
    "throughput" : 0.5492875740165006,
    "receivedKBytesPerSec" : 0.2617698594922386,
    "sentKBytesPerSec" : 0.1442952709086315
  },
  "POST Create Users - Buyer" : {
    "transaction" : "POST Create Users - Buyer",
    "sampleCount" : 50,
    "errorCount" : 0,
    "errorPct" : 0.0,
    "meanResTime" : 1428.9800000000002,
    "medianResTime" : 1124.5,
    "minResTime" : 149.0,
    "maxResTime" : 3453.0,
    "pct1ResTime" : 2700.8999999999996,
    "pct2ResTime" : 3444.9,
    "pct3ResTime" : 3453.0,
    "throughput" : 0.5462451111062556,
    "receivedKBytesPerSec" : 0.30246189257543643,
    "sentKBytesPerSec" : 0.8130197010127383
  },
  "PATCH Update Order - Seller" : {
    "transaction" : "PATCH Update Order - Seller",
    "sampleCount" : 50,
    "errorCount" : 0,
    "errorPct" : 0.0,
    "meanResTime" : 1075.04,
    "medianResTime" : 918.5,
    "minResTime" : 210.0,
    "maxResTime" : 3594.0,
    "pct1ResTime" : 1963.7999999999988,
    "pct2ResTime" : 3590.45,
    "pct3ResTime" : 3594.0,
    "throughput" : 0.4299928621184888,
    "receivedKBytesPerSec" : 0.27714383691230726,
    "sentKBytesPerSec" : 0.2709542912212657
  },
  "POST Create Users - Seller" : {
    "transaction" : "POST Create Users - Seller",
    "sampleCount" : 50,
    "errorCount" : 0,
    "errorPct" : 0.0,
    "meanResTime" : 922.1199999999999,
    "medianResTime" : 894.5,
    "minResTime" : 310.0,
    "maxResTime" : 3455.0,
    "pct1ResTime" : 1410.3,
    "pct2ResTime" : 1594.6499999999999,
    "pct3ResTime" : 3455.0,
    "throughput" : 0.5541885571146727,
    "receivedKBytesPerSec" : 0.30794266503735235,