{
  "GET Profile - Seller" : {
    "transaction" : "GET Profile - Seller",
    "sampleCount" : 200,
    "errorCount" : 0,
    "errorPct" : 0.0,
    "meanResTime" : 1620.4300000000003,
    "medianResTime" : 1657.0,
    "minResTime" : 81.0,
    "maxResTime" : 3739.0,
    "pct1ResTime" : 2519.8,
    "pct2ResTime" : 2816.9,
    "pct3ResTime" : 3730.1200000000026,
    "throughput" : 0.721662132222936,
    "receivedKBytesPerSec" : 0.9849067184038278,
    "sentKBytesPerSec" : 0.2974037302715615
  },
  "POST Create Product - Seller" : {
    "transaction" : "POST Create Product - Seller",
    "sampleCount" : 200,
    "errorCount" : 0,
    "errorPct" : 0.0,
    "meanResTime" : 1633.9949999999992,
    "medianResTime" : 1358.0,
    "minResTime" : 419.0,
    "maxResTime" : 7059.0,
    "pct1ResTime" : 2128.800000000001,
    "pct2ResTime" : 5949.15,
    "pct3ResTime" : 6965.83,
    "throughput" : 0.7406721599851867,
    "receivedKBytesPerSec" : 1.513582365058791,
    "sentKBytesPerSec" : 5.882470373113601
  },
  "PUT Update Product - Seller" : {
    "transaction" : "PUT Update Product - Seller",
    "sampleCount" : 200,
    "errorCount" : 0,
    "errorPct" : 0.0,
    "meanResTime" : 1333.5500000000002,
    "medianResTime" : 1227.5,
    "minResTime" : 379.0,
    "maxResTime" : 4472.0,
    "pct1ResTime" : 1839.9,
    "pct2ResTime" : 2313.749999999999,
    "pct3ResTime" : 2700.210000000002,
    "throughput" : 0.7605517042062312,
    "receivedKBytesPerSec" : 1.5510649862910557,
    "sentKBytesPerSec" : 6.043949906262003
  },
  "PUT Update Profile - Buyer" : {
    "transaction" : "PUT Update Profile - Buyer",
    "sampleCount" : 200,
    "errorCount" : 0,
    "errorPct" : 0.0,
    "meanResTime" : 2644.1200000000017,
    "medianResTime" : 2511.0,
    "minResTime" : 1121.0,
    "maxResTime" : 11505.0,
    "pct1ResTime" : 3619.9,
    "pct2ResTime" : 4186.199999999999,
    "pct3ResTime" : 8101.450000000027,
    "throughput" : 0.7277384798998632,
    "receivedKBytesPerSec" : 0.9908187831121008,
    "sentKBytesPerSec" : 5.094144485425217
  },
  "GET List Product - Seller" : {
    "transaction" : "GET List Product - Seller",
    "sampleCount" : 200,
    "errorCount" : 0,
    "errorPct" : 0.0,
    "meanResTime" : 1098.0550000000007,
    "medianResTime" : 949.5,
    "minResTime" : 76.0,
    "maxResTime" : 6637.0,
    "pct1ResTime" : 1507.1000000000001,
    "pct2ResTime" : 1805.3999999999996,
    "pct3ResTime" : 6633.8200000000015,
    "throughput" : 0.7417297136923305,
    "receivedKBytesPerSec" : 1.5328778939048362,
    "sentKBytesPerSec" : 0.3165389500815903
  },
  "GET Categories" : {
    "transaction" : "GET Categories",
    "sampleCount" : 200,
    "errorCount" : 0,
    "errorPct" : 0.0,
    "meanResTime" : 908.9899999999999,
    "medianResTime" : 949.0,
    "minResTime" : 40.0,
    "maxResTime" : 2181.0,
    "pct1ResTime" : 1636.1000000000004,
    "pct2ResTime" : 1787.0,
    "pct3ResTime" : 2005.890000000001,
    "throughput" : 0.7396668540489363,
    "receivedKBytesPerSec" : 0.772894076008166,
    "sentKBytesPerSec" : 0.12713024053966093
  },
  "GET Profile - Buyer" : {
    "transaction" : "GET Profile - Buyer",
    "sampleCount" : 200,
    "errorCount" : 0,
    "errorPct" : 0.0,
    "meanResTime" : 1430.8100000000002,
    "medianResTime" : 1332.5,
    "minResTime" : 67.0,
    "maxResTime" : 3531.0,
    "pct1ResTime" : 2268.6,
    "pct2ResTime" : 2918.4999999999995,
    "pct3ResTime" : 3514.4000000000015,
    "throughput" : 0.7305055463633608,
    "receivedKBytesPerSec" : 0.9946218241271372,
    "sentKBytesPerSec" : 0.3010481841458381
  },
  "POST Sign In Users - Seller" : {
    "transaction" : "POST Sign In Users - Seller",
    "sampleCount" : 200,
    "errorCount" : 0,
    "errorPct" : 0.0,
    "meanResTime" : 2461.26,
    "medianResTime" : 2424.5,
    "minResTime" : 832.0,
    "maxResTime" : 4055.0,
    "pct1ResTime" : 3248.4,
    "pct2ResTime" : 3543.7999999999993,
    "pct3ResTime" : 3979.9700000000003,
    "throughput" : 0.70194649763795,
    "receivedKBytesPerSec" : 1.203937640169941,
    "sentKBytesPerSec" : 0.19673695783407386
  },
  "PUT Update Profile - Seller" : {
    "transaction" : "PUT Update Profile - Seller",
    "sampleCount" : 200,
    "errorCount" : 0,
    "errorPct" : 0.0,
    "meanResTime" : 3020.99,
    "medianResTime" : 2963.5,
    "minResTime" : 1100.0,
    "maxResTime" : 6475.0,
    "pct1ResTime" : 4162.6,
    "pct2ResTime" : 4512.699999999999,
    "pct3ResTime" : 5615.900000000005,
    "throughput" : 0.716132312606077,
    "receivedKBytesPerSec" : 0.9769471413788411,
    "sentKBytesPerSec" : 5.0155382528788515
  },
  "GET Specific Categories" : {
    "transaction" : "GET Specific Categories",
    "sampleCount" : 200,
    "errorCount" : 0,
    "errorPct" : 0.0,
    "meanResTime" : 849.7900000000004,
    "medianResTime" : 889.0,
    "minResTime" : 71.0,
    "maxResTime" : 3770.0,
    "pct1ResTime" : 1379.9,
    "pct2ResTime" : 1572.1499999999996,
    "pct3ResTime" : 1789.98,
    "throughput" : 0.7413915177396455,
    "receivedKBytesPerSec" : 0.531427123067285,
    "sentKBytesPerSec" : 0.12887469741958682
  },
  "POST Create Offers - Buyer" : {
    "transaction" : "POST Create Offers - Buyer",
    "sampleCount" : 200,
    "errorCount" : 0,
    "errorPct" : 0.0,
    "meanResTime" : 1126.5550000000005,
    "medianResTime" : 997.5,
    "minResTime" : 83.0,
    "maxResTime" : 2522.0,
    "pct1ResTime" : 1890.5000000000002,
    "pct2ResTime" : 2107.2999999999997,
    "pct3ResTime" : 2414.2400000000007,
    "throughput" : 0.7642017339737344,
    "receivedKBytesPerSec" : 2.2067966908154415,
    "sentKBytesPerSec" : 0.3962803913477079
  },
  "GET Created Offer User - Seller" : {
    "transaction" : "GET Created Offer User - Seller",
    "sampleCount" : 200,
    "errorCount" : 0,
    "errorPct" : 0.0,
    "meanResTime" : 1007.9949999999994,
    "medianResTime" : 850.5,
    "minResTime" : 72.0,
    "maxResTime" : 2733.0,
    "pct1ResTime" : 1795.8,
    "pct2ResTime" : 2268.7999999999997,
    "pct3ResTime" : 2634.7700000000013,
    "throughput" : 0.7664509107352947,
    "receivedKBytesPerSec" : 2.2319589431408393,
    "sentKBytesPerSec" : 0.3240949651839674
  },
  "PUT Update Offers - Seller" : {
    "transaction" : "PUT Update Offers - Seller",
    "sampleCount" : 200,
    "errorCount" : 0,
    "errorPct" : 0.0,
    "meanResTime" : 1022.6399999999994,
    "medianResTime" : 748.0,
    "minResTime" : 53.0,
    "maxResTime" : 2810.0,
    "pct1ResTime" : 1924.8000000000002,
    "pct2ResTime" : 2298.65,
    "pct3ResTime" : 2747.1900000000014,
    "throughput" : 0.7701786814540973,
    "receivedKBytesPerSec" : 2.219682788672597,
    "sentKBytesPerSec" : 0.3723031712107209
  },
  "Total" : {
    "transaction" : "Total",
    "sampleCount" : 3600,
    "errorCount" : 0,
    "errorPct" : 0.0,
    "meanResTime" : 1619.0336111111121,
    "medianResTime" : 1414.5,
    "minResTime" : 40.0,
    "maxResTime" : 11505.0,
    "pct1ResTime" : 2920.0,
    "pct2ResTime" : 3210.7999999999993,
    "pct3ResTime" : 4437.9299999999985,
    "throughput" : 12.214776486555262,
    "receivedKBytesPerSec" : 21.53748992705064,
    "sentKBytesPerSec" : 23.76702460980575
  },
  "POST Sign In Users - Buyer" : {
    "transaction" : "POST Sign In Users - Buyer",
    "sampleCount" : 200,
    "errorCount" : 0,
    "errorPct" : 0.0,
    "meanResTime" : 2460.605,
    "medianResTime" : 2465.5,
    "minResTime" : 490.0,
    "maxResTime" : 3987.0,
    "pct1ResTime" : 3062.9,
    "pct2ResTime" : 3197.7,
    "pct3ResTime" : 3874.6500000000005,
    "throughput" : 0.7128295054388891,
    "receivedKBytesPerSec" : 1.2213539995972513,
    "sentKBytesPerSec" : 0.1997871758407824
  },
  "POST Create Users - Buyer" : {
    "transaction" : "POST Create Users - Buyer",
    "sampleCount" : 200,
    "errorCount" : 0,
    "errorPct" : 0.0,
    "meanResTime" : 2472.9449999999997,
    "medianResTime" : 2496.0,
    "minResTime" : 709.0,
    "maxResTime" : 3986.0,
    "pct1ResTime" : 3154.1000000000004,